"","rsID","CHROM","POS_b37","REF","ALT","N","N_studies","POOLED_ALT_AF","pvalue_neg_log10","pvalue","lnBF","pvalue_neg_log10_GC","pvalue_GC","METAL_Effect","METAL_StdErr","METAL_Pvalue","V1","V2","Target gene","Function","Drug","rsid","pval","id"
"1","rs4704210",5,74635225,"G","C",1316060,256,0.387,557.582076738918,"2.62e-558",1280.89,482.625477768726,0,0.066,0.0014,"2.96e-502",5,74635225,"HMGCR","Gene","Statins","rs4704210",0,"zu57vO"
"2","rs11591147",1,55505647,"G","T",1399060,196,0.0152,1573.96709714079,"1.08e-1574",3624.06,1363.47009604189,0,-0.4337,0.0053,"7.41e-1444",1,55505647,"PCSK9","Gene","Statins","rs11591147",0,"zu57vO"
"3","rs41294821",1,55513183,"C","T",1491260,301,0.0252,27.0893663605677,"8.14e-28",53.0926,23.1487646425642,7.1e-24,-0.034,0.0041,"2.024e-16",1,55513183,"PCSK9","Gene","Statins","rs41294821",7.1e-24,"zu57vO"
"4","rs1165287",1,55520212,"A","G",1453490,292,0.39,415.509892547033,"3.09e-416",952.781,359.516338834403,0,-0.0555,0.0013,"1.80e-373",1,55520212,"PCSK9","Gene","Statins","rs1165287",0,"zu57vO"
"5","rs505151",1,55529187,"A","G",1492370,304,0.0524,240.803610358444,"1.57e-241",549.308,208.149623659482,7.09e-209,0.0914,0.0028,"2.84e-228",1,55529187,"PCSK9","Gene","Statins","rs505151",7.09e-209,"zu57vO"
"6","rs41279633",7,44580876,"G","T",1468400,297,0.143,129.83503549919,"1.46e-130",292.66,112.035782099167,9.21e-113,0.0438,0.0019,"1.38e-123",7,44580876,"NPC1L1","Gene","Ezetimibe ","rs41279633",9.21e-113,"zu57vO"
